{
	"hist":[ 2, 0, 2, 10, 8, 19, 27, 27, 58, 88, 69, 90, 59, 76, 79, 47, 32,32],
    "bins":[0, 1.00000002e-35,5.30555556e+00,1.06111111e+01,1.59166667e+01,
        2.12222222e+01,2.65277778e+01,3.18333333e+01,3.71388889e+01, 4.24444444e+01,4.77500000e+01,5.30555556e+01,5.83611111e+01, 6.36666667e+01,6.89722222e+01,7.42777778e+01,7.95833333e+01, 8.48888889e+01,9.01944444e+01,9.55000000e+01],        
    "areax":[1.00000002e-35,5.30555556e+00,1.06111111e+01,1.59166667e+01,
        2.12222222e+01,2.65277778e+01,3.18333333e+01,3.71388889e+01, 4.24444444e+01,4.77500000e+01,5.30555556e+01,5.83611111e+01, 6.36666667e+01,6.89722222e+01,7.42777778e+01,7.95833333e+01, 8.48888889e+01,9.01944444e+01,9.55000000e+01],
        
    
    "areay":[256, 0, 1, 0, 5,4, 21, 24,34,84,117,169,195,259,227,228,172,110,62],
    "pdpx":[  0,  50,  60,  67,  72,  77,  82,  88, 100],
    "pdpy":[ 0, -0.00772853,  -0.0256078,  -0.00790674,  -0.01170464, -0.01984796,  -0.00450393, -0.02000756, -0.02322812],
    "6_hw": 27, "11_hw": 32, "12_hw": 43, "2_hw": 44, "1_hw": 49, "5_hw": 62, "9_hw": 62, "10_hw": 67, "3_hw": 67, "7_hw": 86, "4_hw": 91, "8_hw": 94, "6_lib": 108, "12_lib": 152, "11_lib": 166, "9_lib": 203, "5_lib": 222, "7_lib": 223, "8_lib": 231, "3_lib": 266, "10_lib": 278, "1_lib": 287, "2_lib": 293, "4_lib": 330, "linear_f": 652, "cal1_f": 657, "cal1_m": 683, "linear_m": 725
}